Bud Davis  jimmie.davis@uta.edu  BudDavis
Joel Beauregard jlb0471@mavs.uta.edu    JoelBeau
Sidharth Chilakamarri sxc6598@mavs.uta.edu  sidc43
Hridayesh Lekhak  hxl7195@mavs.uta.edu Lekhak123
Omar Alqawasmi	ona6594@mavs.uta.edu	Omar-Alqawasmi
Raymond Tian	rxt9181@mavs.uta.edu	RaymondTian12
Tatenda Chireza tmc5548@mavs.uta.edu Tatenda-Chireza
Ruby Veyna  rlv0357@mavs.uta.edu  rlv0357
Andrew Truong   aht8637@mavs.uta.edu    AndrewTruong744
Gabriela Cazares    gxc7200@mavs.uta.edu    gab-caz
Abraham Menchaca    atm7812@mavs.uta.edu    Mench256
Conar Bailey        ceb1432@mavs.uta.edu    ConarBailey
Natalia Miranda  nxm7554@mavs.uta.edu  nxm7554
Peter Tran          ppt4523@mavs.uta.edu    Peter-Phi-Tran
Thaddeus Jan Veranga   thaddeusjan.veranga@mavs.uta.edu   TVerangaSchool
Priscilla Limon     pxl3052@mavs.uta.edu     priscillal1
Ryan Patterson      mrp0591@mavs.uta.edu     mRyan-Patt
Aashish Thapa Magar	axt0920@mavs.uta.edu	Aashish0920
Evin Kopecki        ejk0151@mavs.uta.edu    EJK0151
Taher Husain		txh7180@mavs.uta.edu	uta-txh7180
Max Gavin	mpg4293@mavs.uta.edu	mpg4293	
Pujan Karki	    pxk8277@mavs.uta.edu    PujanKarki00
Allen Vu            ahv8830@mavs.uta.edu    AllenVu
Burhanuddin Khokhar 	bxk9892@mavs.uta.edu	BurhanK1007
Najat Hussein		nih6584@mavs.uta.edu	uta-nih6584
Akhil Satya Sai Cherukuri   axc5473@mavs.uta.edu    uta-axc5473
Ashirwad Sharma Dahal	axs9463@mavs.uta.edu	Ashirwad-SharmaDahal
Ibrahim Ali         ija8624@mavs.uta.edu    IbrahimAli25  
Jesus Lopez        jel3351@mavs.uta.edu      uta-jel3351
Alan Santoyo-Pina   axs4549@mavs.uta.edu    uta-axs4549
Ireoluwa Aderemi    ixa5131@mavs.uta.edu    utaixa5131
Sunaihra Zeb Lamia	sxl8084@mavs.uta.edu	uta-sxl8084
Bryan Pham          bvp0409@mavs.uta.edu    uta-0409
Dominik Castillo    ddc6216@mavs.uta.edu    dominikC0824
Pragyan Bhattarai   pxb4905@mavs.uta.edu    Pragyan455
